accX,accY,accZ,gyroX,gyroY,gyroZ,oriAzimuth,oriPitch,oriRoll
0.01362034771591425,-0.054481390863657,9.86113166809082,-0.0,-0.0,-0.0,101.9129638671875,14.544286727905273,9.834487915039063
2.955615520477295,6.00657320022583,6.0882954597473145,-0.0,-0.0,-0.0,101.9129638671875,14.544286727905273,9.834487915039063
2.955615520477295,6.00657320022583,6.0882954597473145,-0.0,-0.0,-0.0,101.9129638671875,14.544286727905273,9.834487915039063
2.6014864444732666,5.706925868988037,6.810173988342285,-0.048258353024721146,0.08338310569524765,0.2028072625398636,101.9129638671875,14.544286727905273,9.834487915039063
2.6014864444732666,5.706925868988037,6.810173988342285,-0.022907447069883347,0.02229658141732216,0.13347405195236206,101.9129638671875,14.544286727905273,9.834487915039063
3.282503843307495,5.025908470153809,7.600153923034668,0.13500121235847473,0.23671028017997742,-0.012217304669320583,101.9129638671875,14.544286727905273,9.834487915039063
2.8602731227874756,4.426612854003906,6.605868816375732,-0.8848382830619812,-0.11270463466644287,-0.06200282275676727,63.332115173339844,-35.57744598388672,22.556119918823242
-0.0272406954318285,-0.3813697397708893,0.19068486988544464,-3.703981399536133,2.726902484893799,-0.8072584271430969,69.2794189453125,-9.29794979095459,1.5649560689926147
