accX,accY,accZ,gyroX,gyroY,gyroZ,oriAzimuth,oriPitch,oriRoll
-1.70947265625,-0.172454833984375,10.321136474609375,0.038726806640625,0.173553466796875,0.1287689208984375,167.7171630859375,10.720283508300781,-2.252629041671753
-1.70947265625,-0.172454833984375,10.321136474609375,0.038726806640625,0.173553466796875,0.1287689208984375,167.7171630859375,10.720283508300781,-2.252629041671753
